trinucleotide,genome,twist
ACA,126882801,1199947
ACC,72604733,1004010
ACG,16504103,448749
ACT,101011061,964086
ATA,127509964,619713
ATC,83854666,968979
ATG,114474065,1222392
ATT,154617569,896363
CCA,115728034,1765381
CCC,82596412,1411475
CCG,17867068,776489
CCT,111427215,1514018
CTA,80304261,532132
CTC,106535447,1500458
CTG,127758341,2090258
CTT,125234111,1394309
GCA,90673144,1399990
GCC,74581125,1539339
GCG,15458598,669996
GCT,87666735,1468459
GTA,70266825,589981
GTC,59285457,945080
GTG,95230455,1264230
GTT,92219925,842285
TCA,123256201,1364051
TCC,97836619,1508967
TCG,14380508,473836
TCT,139727242,1465086
TTA,127468684,575398
TTC,125525524,1400140
TTG,119077337,1169169
TTT,240030478,1299328
